Route_Name,Origin,Destination,Bus_Type,Departure_Times,Exhaustive_Via_Stoppages_List
Kolkata to Digha (Main),Kolkata (Esplanade),Digha,Non-AC / AC Seater,"05:40 AM, 08:00 AM, 12:00 PM, 03:00 PM, 06:00 PM, 09:00 PM, 11:30 PM","Esplanade >> Karunamoyee >> Baguihati >> Kolkata Airport >> Dunlop Bridge >> Salap >> Dhulagarh >> Kolaghat >> Mecheda >> Panskura >> Nandakumar >> Henria >> Contai (Kanthi) >> Mandarmani >> Ramnagar >> Digha"
Kolkata to Digha (Via Bally),Kolkata (Esplanade),Digha,Non-AC Seater,"06:00 AM, 02:00 PM","Esplanade >> Khidirpur >> Mominpur >> Hazra >> Bally Bridge >> Dhulagarh >> Kolaghat >> Nandakumar >> Henria >> Contai >> Mandarmani >> Digha"
Barasat to Digha (Express),Barasat,Digha,AC Volvo / Non-AC,"06:30 AM, 01:00 PM, 03:30 PM","Barasat >> Madhyamgram >> Kolkata Airport >> Dunlop >> Kolaghat >> Mecheda >> Nandakumar >> Contai >> Ramnagar >> Digha"
Habra to Digha,Habra,Digha,Non-AC / AC,"05:50 AM, 08:30 AM, 02:00 PM","Habra >> Barasat >> Kolkata Airport >> Dunlop >> Kolaghat >> Mecheda >> Nandakumar >> Henria >> Contai >> Mandarmani >> Digha"
Karunamoyee to Digha,Karunamoyee,Digha,Non-AC / AC Volvo,"05:40 AM, 11:58 PM","Karunamoyee >> Baguihati >> Airport >> Dunlop >> Kolaghat >> Mecheda >> Nandakumar >> Contai >> Digha"
Kolkata to Siliguri (Banglasree),Kolkata (Esplanade),Siliguri,Volvo AC Seater (2+2),"05:50 PM (Daily), 06:30 PM (Fri/Sat)","Esplanade >> Karunamoyee >> Barasat >> Krishnanagar >> Berhampore >> Malda >> Raiganj >> Dalkhola >> Kishanganj >> Islampur >> Sevoke Road >> Siliguri (Tenzing Norgay)"
Siliguri to Kolkata (Banglasree),Siliguri,Kolkata (Drop Points),Volvo AC Seater (2+2),"05:50 PM (Daily), 06:30 PM (Fri/Sat)","Siliguri >> Islampur >> Kishanganj >> Raiganj >> Malda >> Berhampore >> Krishnanagar >> Barasat >> Airport >> Dunlop >> Karunamoyee >> Esplanade"
Kolkata to Asansol / Durgapur,Kolkata (Esplanade),Asansol,Non-AC / AC Volvo,"06:00 AM, 09:00 AM, 02:00 PM, 05:00 PM","Esplanade >> Karunamoyee >> Airport >> Dunlop >> Dankuni >> Burdwan >> Panagarh >> Durgapur City Centre >> Raniganj >> Asansol"
Asansol to Kolkata,Asansol,Kolkata (Drop Points),Non-AC / AC Volvo,"05:15 AM, 08:00 AM, 03:15 PM","Asansol >> Raniganj >> Durgapur >> Burdwan >> Dankuni >> Dunlop >> Airport >> Baguihati >> Karunamoyee"
Kolkata to Bankura,Kolkata (Esplanade),Bankura,Non-AC / AC Volvo,"06:30 AM, 03:00 PM","Esplanade >> Karunamoyee >> Airport >> Dunlop >> Dankuni >> Burdwan >> Durgapur >> Bankura"
Bankura to Kolkata,Bankura,Kolkata (Drop Points),AC Volvo,"05:45 AM, 02:45 PM","Bankura >> Durgapur >> Burdwan >> Dankuni >> Dunlop >> Airport >> Karunamoyee"
Kolkata to Purulia (Banglasree),Kolkata (Esplanade),Purulia,Volvo AC Seater (2+2),"06:30 AM, 03:00 PM","Esplanade >> Santragachi >> Dankuni >> Burdwan >> Durgapur >> Raniganj >> Asansol >> Raghunathpur >> Purulia"
Kolkata to Bolpur / Suri,Kolkata (Esplanade),Suri,Volvo AC Seater (2+2),"06:45 AM, 02:30 PM, 04:30 PM","Esplanade >> Karunamoyee >> Airport >> Dunlop >> Dankuni >> Burdwan >> Illambazar >> Bolpur (Prantik) >> Suri"
Kolkata to Haldia,Kolkata (Esplanade),Haldia,Non-AC / AC Seater,"06:00 AM, 10:00 AM, 02:00 PM","Esplanade >> Khidirpur >> Santragachi >> Dunlop >> Kolaghat >> Nimtouri >> Nandakumar >> Haldia Township"
Kolkata to Mayapur,Kolkata (Esplanade),Mayapur,AC Seater,"06:15 AM, 03:30 PM","Esplanade >> Karunamoyee >> Barasat >> Habra >> Krishnanagar >> Nabadwip >> Mayapur"
Kolkata to Malda / Balurghat,Kolkata (Esplanade),Balurghat,Volvo AC Seater,"06:00 PM, 08:00 PM","Esplanade >> Barasat >> Krishnanagar >> Berhampore >> Malda >> Gangarampur >> Balurghat"
Kolkata to Jhargram,Kolkata (Esplanade),Jhargram,Non-AC / AC Seater,"05:30 AM, 01:00 PM","Esplanade >> Santragachi >> Dunlop >> Kolaghat >> Mecheda >> Debra >> Kharagpur (Chowrangee) >> Midnapore >> Dherua >> Jhargram"
Kolkata to Bakkhali / Namkhana,Kolkata (Esplanade),Bakkhali,Non-AC Seater,"06:30 AM, 08:15 AM","Esplanade >> Khidirpur >> Diamond Harbour >> Kakdwip >> Namkhana >> Bakkhali"
Kolkata to Midnapore,Kolkata (Esplanade),Midnapore,Non-AC / AC Seater,"05:40 AM, 08:00 AM, 01:00 PM","Esplanade >> Karunamoyee >> Airport >> Dunlop >> Kolaghat >> Mecheda >> Debra >> Kharagpur >> Midnapore"
Kolkata to Raiganj,Kolkata (Esplanade),Raiganj,AC Seater / Volvo,"06:10 AM, 07:00 PM","Esplanade >> Barasat >> Krishnanagar >> Berhampore >> Malda >> Raiganj"
Kolkata to Jalpaiguri,Kolkata (Esplanade),Jalpaiguri,Volvo AC Seater,"04:45 PM, 05:30 PM","Esplanade >> Barasat >> Krishnanagar >> Berhampore >> Malda >> Raiganj >> Jalpaiguri"
Kolkata to Cooch Behar,Kolkata (Esplanade),Cooch Behar,Volvo AC Seater,"04:45 PM, 05:30 PM","Esplanade >> Barasat >> Krishnanagar >> Berhampore >> Malda >> Jalpaiguri >> Falakata >> Cooch Behar"
Kolkata to Tarapith,Kolkata (Esplanade),Tarapith,AC Volvo / Non-AC,"08:30 AM, 12:30 PM","Esplanade >> Dankuni >> Bardhaman >> Illambazar >> Dubrajpur >> Rampurhat >> Tarapith"
Kolkata to Arambagh / Bishnupur,Kolkata (Esplanade),Bishnupur,Non-AC / AC Seater,"06:00 AM, 02:30 PM","Esplanade >> Dankuni >> Janai >> Arambagh >> Joyrambati >> Bishnupur"
Kolkata to Krishnanagar,Kolkata (Esplanade),Krishnanagar,Non-AC / AC Seater,"06:00 AM, 08:00 PM","Esplanade >> Barasat >> Habra >> Ranaghat >> Krishnanagar"
Kolkata to Burdwan,Kolkata (Esplanade),Burdwan,Non-AC / AC,"06:05 AM, 04:20 PM","Esplanade >> Dankuni >> Burdwan Station"
Kolkata to Tamluk,Kolkata (Esplanade),Tamluk,Non-AC / AC,"06:00 AM, 05:00 PM","Esplanade >> Santragachi >> Mecheda >> Panskura >> Kolaghat >> Tamluk"
Kolkata to Contai (Kanthi),Kolkata (Esplanade),Contai,Non-AC / AC,"05:30 AM, 02:30 PM","Esplanade >> Mecheda >> Panskura >> Kolaghat >> Nandakumar >> Contai"
Kolkata to Dantan,Kolkata (Esplanade),Dantan,Non-AC / AC,"06:00 AM, 03:00 PM","Esplanade >> Mecheda >> Midnapore >> Contai >> Kanthi >> Dantan"
Kolkata to Rampurhat,Kolkata (Esplanade),Rampurhat,Volvo AC / Non-AC,"06:00 AM, 12:30 PM","Esplanade >> Dankuni >> Bardhaman >> Illambazar >> Bolpur >> Suri >> Rampurhat"