Sl_No,Route_Name,Origin,Destination,Bus_Type,Departure_Times,Approx_Fare_INR,Exhaustive_Via_Stoppages
1,Baduria - Digha via Bally,Baduria,Digha,Non-AC / AC,"05:30 AM, 02:00 PM",130 - 250,"Baduria >> Barasat >> Airport >> Dunlop >> Kolaghat >> Nandakumar >> Henria >> Contai >> Mandarmani >> Digha"
2,Barasat - Digha Limited Stop Express,Barasat,Digha,Express,"06:00 AM, 01:00 PM, 03:30 PM",150 - 300,"Barasat >> Esplanade >> Digha"
3,Barasat - Durgapur - Asansol (AC-Volvo),Barasat,Asansol,AC Volvo,"06:00 AM, 04:00 PM",250 - 375,"Barasat >> Airport >> Burdwan >> Durgapur >> Asansol"
4,Barasat - Midnapur,Barasat,Midnapore,Non-AC,"05:40 AM, 04:10 PM",110 - 180,"Barasat >> Airport >> Dunlop >> Kolaghat >> Mechogram >> Debra >> Kharagpur >> Midnapore"
5,Barasat - Bolpur - Suri (AC Volvo),Barasat,Suri,AC Volvo,"06:45 AM, 04:30 PM",400 - 435,"Barasat >> Airport >> Dunlop >> Burdwan >> Illambazar >> Bolpur >> Suri"
6,Baruipur - Kolkata - Raiganj - Siliguri (AC-Volvo),Baruipur,Siliguri,AC Volvo (Banglasree),"05:00 PM, 06:00 PM",1100 - 1355,"Baruipur >> Garia >> Jadavpur >> Esplanade >> Airport >> Barasat >> Raiganj >> Dalkhola >> Kishanganj >> Islampur >> Siliguri"
7,Baruipur - Kolkata - Tarapith (AC Volvo),Baruipur,Tarapith,AC Volvo,"08:00 AM, 12:00 PM",350 - 450,"Baruipur >> Garia >> Jadavpur >> Esplanade >> Burdwan >> Illambazar >> Bolpur >> Suri >> Rampurhat >> Tarapith"
8,Habra - Bakkhali,Habra,Bakkhali,Non-AC,"06:30 AM, 02:30 PM",100 - 150,"Habra >> Barasat >> Airport >> Esplanade >> Namkhana >> Kakdwip >> Kalighat >> Bakkhali"
9,Habra - Barasat - Bankura - Purulia,Habra,Purulia,AC Volvo,"06:30 AM, 03:00 PM",500 - 595,"Habra >> Barasat >> Airport >> Burdwan >> Durgapur >> Bankura >> Purulia"
10,Habra - Barasat - Durgapur - Asansol,Habra,Asansol,Non-AC / AC,"06:00 AM, 08:00 PM",200 - 375,"Habra >> Barasat >> Airport >> Dunlop >> Burdwan >> Durgapur >> Raniganj >> Asansol"
11,Habra - Barasat - Joyrambati - Bishnupur,Habra,Bishnupur,Non-AC,"06:00 AM, 02:30 PM",120 - 200,"Habra >> Barasat >> Airport >> Arambagh >> Joyrambati >> Bishnupur"
12,Habra - Barasat - Midnapur - Jhargram,Habra,Jhargram,Non-AC,"05:30 AM, 03:00 PM",145 - 250,"Habra >> Barasat >> Airport >> Dunlop >> Kolaghat >> Mechogram >> Debra >> Kharagpur >> Midnapore >> Dherua >> Jhargram"
13,Habra - Barasat - Tarapith,Habra,Tarapith,Non-AC / AC,"08:00 AM, 12:00 PM",250 - 350,"Habra >> Barasat >> Airport >> Burdwan >> Tarapith"
14,Habra - Barasat - Bankura,Habra,Bankura,Non-AC / AC,"06:30 AM, 04:00 PM",200 - 300,"Habra >> Barasat >> Airport >> Burdwan >> Durgapur >> Bankura"
15,Habra - Digha Via Dunlop (AC-Volvo),Habra,Digha,AC Volvo,"05:30 AM, 04:00 PM",250 - 450,"Habra >> Barasat >> Airport >> Dunlop >> Nandakumar >> Contai >> Mandarmani >> Digha"
16,Habra - Barasat - Haldia,Habra,Haldia,Non-AC / AC,"06:00 AM, 04:00 PM",95 - 180,"Habra >> Barasat >> Airport >> Dunlop >> Kolaghat >> Nimtouri >> Nandakumar >> Haldia"
17,Habra - Digha via Bally,Habra,Digha,Non-AC,"05:30 AM, 03:00 PM",130 - 250,"Habra >> Barasat >> Airport >> Dunlop >> Kolaghat >> Nandakumar >> Henria >> Contai >> Mandarmani >> Ramnagar >> Digha"
18,Habra - Digha via Esplanade,Habra,Digha,Non-AC,"05:40 AM, 11:58 PM",145 - 300,"Habra >> Barasat >> Airport >> Esplanade >> Digha"
19,Habra - Kharagpur,Habra,Kharagpur,Non-AC,"05:40 AM, 04:10 PM",105 - 180,"Habra >> Barasat >> Airport >> Dunlop >> Kolaghat >> Mechogram >> Debra >> Kharagpur"
20,Habra - Midnapur,Habra,Midnapore,Non-AC,"05:40 AM, 04:10 PM",110 - 180,"Habra >> Barasat >> Airport >> Dunlop >> Kolaghat >> Mechogram >> Debra >> Kharagpur >> Midnapore"
21,Habra - Namkhana,Habra,Namkhana,Non-AC,"06:30 AM, 08:00 AM",80 - 120,"Habra >> Barasat >> Airport >> Esplanade >> Namkhana"
22,Joka - Tollygunge - Digha,Joka,Digha,Non-AC,"05:40 AM, 11:58 PM",145 - 300,"Joka >> Tollygunge >> Esplanade >> Digha"
23,Karunamoyee - Digha,Karunamoyee,Digha,Non-AC / AC,"05:40 AM, 11:58 PM",145 - 450,"Karunamoyee >> Baguihati >> Airport >> Dunlop >> Kolaghat >> Nandakumar >> Henria >> Contai >> Digha"
24,Karunamoyee - Dunlop - Digha (AC Volvo),Karunamoyee,Digha,AC Volvo,"05:40 AM, 11:58 PM",250 - 450,"Karunamoyee >> Baguihati >> Airport >> Dunlop >> Nandakumar >> Contai >> Digha"
25,Karunamoyee - Durgapur - Asansol (Banglasree),Karunamoyee,Asansol,AC Volvo,"06:00 AM, 03:15 PM",250 - 375,"Karunamoyee >> Baguihati >> Airport >> Dunlop >> Burdwan >> Durgapur >> Raniganj >> Asansol"
26,Karunamoyee - Bolpur - Suri (AC Volvo),Karunamoyee,Suri,AC Volvo,"06:45 AM, 04:30 PM",400 - 435,"Karunamoyee >> Baguihati >> Airport >> Dunlop >> Burdwan >> Illambazar >> Bolpur >> Suri"
27,Khidderpur - Digha,Khidderpur,Digha,Non-AC,"05:40 AM, 11:58 PM",145 - 300,"Khidderpur >> Esplanade >> Digha"
28,Kolkata - Asansol - Purulia (Banglasree),Kolkata,Purulia,AC Volvo,"06:30 AM, 03:00 PM",595,"Esplanade >> Durgapur >> Raniganj >> Asansol >> Raghunathpur >> Purulia"
29,Kolkata - Digha,Kolkata,Digha,Non-AC / AC,"05:40 AM, 11:58 PM",145 - 450,"Esplanade >> Karunamoyee >> Airport >> Dunlop >> Kolaghat >> Mecheda >> Panskura >> Nandakumar >> Contai >> Ramnagar >> Digha"
30,Kolkata - Durgapur - Asansol (AC-Volvo),Kolkata,Asansol,AC Volvo,"06:00 AM, 08:00 PM",250 - 375,"Esplanade >> Durgapur >> Raniganj >> Asansol"
31,Kolkata - Joyrambati - Bishnupur,Kolkata,Bishnupur,Non-AC,"06:00 AM, 02:30 PM",120 - 200,"Esplanade >> Arambagh >> Joyrambati >> Bishnupur"
32,Kolkata - Krishnanagar - Malda (Banglasree),Kolkata,Malda,AC Volvo,"06:00 PM, 08:00 PM",610 - 750,"Esplanade >> Airport >> Barasat >> Malda"
33,Kolkata - Krishnanagar - Mayapur (AC),Kolkata,Mayapur,AC Seater,"06:15 AM, 03:30 PM",104 - 180,"Esplanade >> Airport >> Barasat >> Krishnanagar >> Mayapur"
34,Kolkata - Malda - Balurghat (Banglasree),Kolkata,Balurghat,AC Volvo,"06:00 PM, 08:00 PM",650 - 800,"Esplanade >> Malda >> Gangarampur >> Balurghat"
35,Kolkata - Mayapur,Kolkata,Mayapur,Non-AC,"06:15 AM, 03:30 PM",80 - 150,"Esplanade >> Airport >> Barasat >> Mayapur"
36,Kolkata - Namkhana - Bakkhali,Kolkata,Bakkhali,Non-AC,"06:30 AM, 02:30 PM",100 - 150,"Esplanade >> Kakdwip >> Namkhana >> Bakkhali"
37,Kolkata - Suri (Banglasree Express),Kolkata,Suri,AC Volvo,"06:45 AM, 04:30 PM",400 - 435,"Esplanade >> Burdwan >> Illambazar >> Suri"
38,Kolkata - Bolpur - Suri (AC-Volvo),Kolkata,Suri,AC Volvo,"06:45 AM, 04:30 PM",400 - 435,"Esplanade >> Burdwan >> Illambazar >> Bolpur >> Suri"
39,Kolkata - Raiganj - Siliguri (AC-Volvo),Kolkata,Siliguri,AC Volvo (Banglasree),"05:50 PM, 06:30 PM",1355,"Esplanade >> Malda >> Raiganj >> Dalkhola >> Kishanganj >> Islampur >> Siliguri"
40,Madhyamgram - Digha via Belghoria,Madhyamgram,Digha,Non-AC,"05:50 AM, 04:00 PM",130 - 250,"Madhyamgram >> Barasat >> Dunlop >> Belghoria >> Sodepur >> Kolaghat >> Nandakumar >> Henria >> Contai >> Mandarmani >> Digha"
41,Shyambazar - Digha via Esplanade (AC-Volvo),Belgachia,Digha,AC Volvo,"05:40 AM, 11:58 PM",250 - 450,"Belgachia >> Esplanade >> Digha"
42,Tollygunge - Digha,Tollygunge,Digha,Non-AC,"05:40 AM, 11:58 PM",145 - 300,"Tollygunge >> Esplanade >> Digha"